,Meta Data,Technical Analysis: VWAP
1: Symbol,msft,
2: Indicator,Volume Weighted Average Price (VWAP),
3: Last Refreshed,2023-05-08 20:00:00,
4: Interval,60min,
5: Time Zone,US/Eastern,
2023-05-08 20:00,,{'VWAP': '307.9622'}
2023-05-08 19:00,,{'VWAP': '307.9622'}
2023-05-08 18:00,,{'VWAP': '307.9623'}
2023-05-08 17:00,,{'VWAP': '307.9623'}
2023-05-08 16:00,,{'VWAP': '307.9683'}
2023-05-08 15:00,,{'VWAP': '307.8696'}
2023-05-08 14:00,,{'VWAP': '307.8662'}
2023-05-08 13:00,,{'VWAP': '307.9346'}
2023-05-08 12:00,,{'VWAP': '308.1126'}
2023-05-08 11:00,,{'VWAP': '308.3530'}
2023-05-08 10:00,,{'VWAP': '308.9737'}
2023-05-08 09:00,,{'VWAP': '309.7304'}
2023-05-08 08:00,,{'VWAP': '309.9855'}
2023-05-08 07:00,,{'VWAP': '310.1599'}
2023-05-08 06:00,,{'VWAP': '310.0848'}
2023-05-08 05:00,,{'VWAP': '310.0667'}
2023-05-05 20:00,,{'VWAP': '309.4204'}
2023-05-05 19:00,,{'VWAP': '309.4201'}
2023-05-05 18:00,,{'VWAP': '309.4198'}
2023-05-05 17:00,,{'VWAP': '309.4192'}
2023-05-05 16:00,,{'VWAP': '309.2689'}
2023-05-05 15:00,,{'VWAP': '308.8315'}
2023-05-05 14:00,,{'VWAP': '308.3903'}
2023-05-05 13:00,,{'VWAP': '308.0449'}
2023-05-05 12:00,,{'VWAP': '307.8514'}
2023-05-05 11:00,,{'VWAP': '307.4420'}
2023-05-05 10:00,,{'VWAP': '306.1698'}
2023-05-05 09:00,,{'VWAP': '306.4071'}
2023-05-05 08:00,,{'VWAP': '306.8947'}
2023-05-05 07:00,,{'VWAP': '306.5903'}
2023-05-05 06:00,,{'VWAP': '306.4521'}
2023-05-05 05:00,,{'VWAP': '306.2533'}
2023-05-04 20:00,,{'VWAP': '305.8086'}
2023-05-04 19:00,,{'VWAP': '305.8082'}
2023-05-04 18:00,,{'VWAP': '305.8083'}
2023-05-04 17:00,,{'VWAP': '305.8088'}
2023-05-04 16:00,,{'VWAP': '305.8162'}
2023-05-04 15:00,,{'VWAP': '305.7865'}
2023-05-04 14:00,,{'VWAP': '305.6929'}
2023-05-04 13:00,,{'VWAP': '305.3759'}
2023-05-04 12:00,,{'VWAP': '305.1157'}
2023-05-04 11:00,,{'VWAP': '304.8365'}
2023-05-04 10:00,,{'VWAP': '304.7967'}
2023-05-04 09:00,,{'VWAP': '305.8597'}
2023-05-04 08:00,,{'VWAP': '306.0773'}
2023-05-04 07:00,,{'VWAP': '306.2792'}
2023-05-04 06:00,,{'VWAP': '306.2996'}
2023-05-04 05:00,,{'VWAP': '306.3067'}
2023-05-03 20:00,,{'VWAP': '306.0802'}
2023-05-03 19:00,,{'VWAP': '306.0820'}
2023-05-03 18:00,,{'VWAP': '306.0860'}
2023-05-03 17:00,,{'VWAP': '306.0923'}
2023-05-03 16:00,,{'VWAP': '306.1292'}
2023-05-03 15:00,,{'VWAP': '306.3173'}
2023-05-03 14:00,,{'VWAP': '306.0829'}
2023-05-03 13:00,,{'VWAP': '305.8977'}
2023-05-03 12:00,,{'VWAP': '305.8021'}
2023-05-03 11:00,,{'VWAP': '305.6368'}
2023-05-03 10:00,,{'VWAP': '305.8571'}
2023-05-03 09:00,,{'VWAP': '306.5628'}
2023-05-03 08:00,,{'VWAP': '306.7856'}
2023-05-03 07:00,,{'VWAP': '306.5041'}
2023-05-03 06:00,,{'VWAP': '305.8335'}
2023-05-03 05:00,,{'VWAP': '305.6600'}
2023-05-02 20:00,,{'VWAP': '306.0539'}
2023-05-02 19:00,,{'VWAP': '306.0541'}
2023-05-02 18:00,,{'VWAP': '306.0548'}
2023-05-02 17:00,,{'VWAP': '306.0553'}
2023-05-02 16:00,,{'VWAP': '306.0683'}
2023-05-02 15:00,,{'VWAP': '306.1436'}
2023-05-02 14:00,,{'VWAP': '306.1806'}
2023-05-02 13:00,,{'VWAP': '306.2168'}
2023-05-02 12:00,,{'VWAP': '306.4140'}
2023-05-02 11:00,,{'VWAP': '307.0541'}
2023-05-02 10:00,,{'VWAP': '307.7099'}
2023-05-02 09:00,,{'VWAP': '306.0948'}
2023-05-02 08:00,,{'VWAP': '306.4050'}
2023-05-02 07:00,,{'VWAP': '306.3440'}
2023-05-02 06:00,,{'VWAP': '306.3251'}
2023-05-02 05:00,,{'VWAP': '306.2900'}
2023-05-01 20:00,,{'VWAP': '306.7892'}
2023-05-01 19:00,,{'VWAP': '306.7898'}
2023-05-01 18:00,,{'VWAP': '306.7904'}
2023-05-01 17:00,,{'VWAP': '306.7911'}
2023-05-01 16:00,,{'VWAP': '306.8383'}
2023-05-01 15:00,,{'VWAP': '307.0997'}
2023-05-01 14:00,,{'VWAP': '307.1792'}
2023-05-01 13:00,,{'VWAP': '307.1394'}
2023-05-01 12:00,,{'VWAP': '307.0400'}
2023-05-01 11:00,,{'VWAP': '307.1013'}
2023-05-01 10:00,,{'VWAP': '307.3830'}
2023-05-01 09:00,,{'VWAP': '306.7505'}
2023-05-01 08:00,,{'VWAP': '306.9040'}
2023-05-01 07:00,,{'VWAP': '307.1872'}
2023-05-01 06:00,,{'VWAP': '307.2069'}
2023-05-01 05:00,,{'VWAP': '307.1900'}
2023-04-28 20:00,,{'VWAP': '306.0582'}
2023-04-28 19:00,,{'VWAP': '306.0578'}
2023-04-28 18:00,,{'VWAP': '306.0574'}
2023-04-28 17:00,,{'VWAP': '306.0564'}
2023-04-28 16:00,,{'VWAP': '305.9852'}
2023-04-28 15:00,,{'VWAP': '305.8562'}
2023-04-28 14:00,,{'VWAP': '305.8702'}
2023-04-28 13:00,,{'VWAP': '305.9438'}
2023-04-28 12:00,,{'VWAP': '306.0598'}
2023-04-28 11:00,,{'VWAP': '306.2041'}
2023-04-28 10:00,,{'VWAP': '305.8198'}
2023-04-28 09:00,,{'VWAP': '304.0684'}
2023-04-28 08:00,,{'VWAP': '303.9705'}
2023-04-28 07:00,,{'VWAP': '303.8912'}
2023-04-28 06:00,,{'VWAP': '303.7743'}
2023-04-28 05:00,,{'VWAP': '303.6667'}
2023-04-27 20:00,,{'VWAP': '302.2116'}
2023-04-27 19:00,,{'VWAP': '302.2092'}
2023-04-27 18:00,,{'VWAP': '302.2052'}
2023-04-27 17:00,,{'VWAP': '302.2021'}
2023-04-27 16:00,,{'VWAP': '302.1273'}
2023-04-27 15:00,,{'VWAP': '301.5918'}
2023-04-27 14:00,,{'VWAP': '301.3172'}
2023-04-27 13:00,,{'VWAP': '301.1160'}
2023-04-27 12:00,,{'VWAP': '300.9023'}
2023-04-27 11:00,,{'VWAP': '300.3254'}
2023-04-27 10:00,,{'VWAP': '298.6995'}
2023-04-27 09:00,,{'VWAP': '295.3128'}
2023-04-27 08:00,,{'VWAP': '295.2437'}
2023-04-27 07:00,,{'VWAP': '295.2034'}
2023-04-27 06:00,,{'VWAP': '295.3033'}
2023-04-27 05:00,,{'VWAP': '295.9500'}
2023-04-26 20:00,,{'VWAP': '296.0794'}
2023-04-26 19:00,,{'VWAP': '296.0795'}
2023-04-26 18:00,,{'VWAP': '296.0797'}
2023-04-26 17:00,,{'VWAP': '296.0797'}
2023-04-26 16:00,,{'VWAP': '296.0830'}
2023-04-26 15:00,,{'VWAP': '296.1584'}
2023-04-26 14:00,,{'VWAP': '296.2211'}
2023-04-26 13:00,,{'VWAP': '296.2108'}
2023-04-26 12:00,,{'VWAP': '295.9095'}
2023-04-26 11:00,,{'VWAP': '295.4440'}
2023-04-26 10:00,,{'VWAP': '295.5241'}
2023-04-26 09:00,,{'VWAP': '296.7533'}
2023-04-26 08:00,,{'VWAP': '296.2695'}
2023-04-26 07:00,,{'VWAP': '296.5604'}
2023-04-26 06:00,,{'VWAP': '296.4908'}
2023-04-26 05:00,,{'VWAP': '296.1000'}
2023-04-25 20:00,,{'VWAP': '281.2119'}
2023-04-25 19:00,,{'VWAP': '280.9743'}
2023-04-25 18:00,,{'VWAP': '279.5984'}
2023-04-25 17:00,,{'VWAP': '279.0951'}
2023-04-25 16:00,,{'VWAP': '277.9694'}
2023-04-25 15:00,,{'VWAP': '278.6444'}
2023-04-25 14:00,,{'VWAP': '279.0043'}
2023-04-25 13:00,,{'VWAP': '279.2313'}
2023-04-25 12:00,,{'VWAP': '279.6623'}
2023-04-25 11:00,,{'VWAP': '280.1121'}
2023-04-25 10:00,,{'VWAP': '280.4109'}
2023-04-25 09:00,,{'VWAP': '280.3359'}
2023-04-25 08:00,,{'VWAP': '280.5090'}
2023-04-25 07:00,,{'VWAP': '280.4362'}
2023-04-25 06:00,,{'VWAP': '280.3425'}
2023-04-25 05:00,,{'VWAP': '280.3400'}
2023-04-24 20:00,,{'VWAP': '281.7317'}
2023-04-24 19:00,,{'VWAP': '281.7319'}
2023-04-24 18:00,,{'VWAP': '281.7322'}
2023-04-24 17:00,,{'VWAP': '281.7337'}
2023-04-24 16:00,,{'VWAP': '281.7364'}
2023-04-24 15:00,,{'VWAP': '281.7445'}
2023-04-24 14:00,,{'VWAP': '281.7851'}
2023-04-24 13:00,,{'VWAP': '281.9251'}
2023-04-24 12:00,,{'VWAP': '282.3383'}
2023-04-24 11:00,,{'VWAP': '283.4524'}
2023-04-24 10:00,,{'VWAP': '283.4835'}
2023-04-24 09:00,,{'VWAP': '284.4953'}
2023-04-24 08:00,,{'VWAP': '284.5553'}
2023-04-24 07:00,,{'VWAP': '284.8664'}
2023-04-24 06:00,,{'VWAP': '284.8347'}
2023-04-24 05:00,,{'VWAP': '284.6067'}
2023-04-21 20:00,,{'VWAP': '284.9225'}
2023-04-21 19:00,,{'VWAP': '284.9224'}
2023-04-21 18:00,,{'VWAP': '284.9223'}
2023-04-21 17:00,,{'VWAP': '284.9178'}
2023-04-21 16:00,,{'VWAP': '284.8837'}
2023-04-21 15:00,,{'VWAP': '284.7508'}
2023-04-21 14:00,,{'VWAP': '284.6164'}
2023-04-21 13:00,,{'VWAP': '284.4691'}
2023-04-21 12:00,,{'VWAP': '284.3461'}
2023-04-21 11:00,,{'VWAP': '284.0570'}
2023-04-21 10:00,,{'VWAP': '283.9667'}
2023-04-21 09:00,,{'VWAP': '284.7599'}
2023-04-21 08:00,,{'VWAP': '284.5384'}
2023-04-21 07:00,,{'VWAP': '286.0620'}
2023-04-21 06:00,,{'VWAP': '286.4315'}
2023-04-21 05:00,,{'VWAP': '286.3033'}
2023-04-20 20:00,,{'VWAP': '286.8359'}
2023-04-20 19:00,,{'VWAP': '286.8365'}
2023-04-20 18:00,,{'VWAP': '286.8368'}
2023-04-20 17:00,,{'VWAP': '286.8370'}
2023-04-20 16:00,,{'VWAP': '286.8732'}
2023-04-20 15:00,,{'VWAP': '287.1178'}
2023-04-20 14:00,,{'VWAP': '287.1599'}
2023-04-20 13:00,,{'VWAP': '286.9462'}
2023-04-20 12:00,,{'VWAP': '286.7616'}
2023-04-20 11:00,,{'VWAP': '286.6886'}
2023-04-20 10:00,,{'VWAP': '286.4426'}
2023-04-20 09:00,,{'VWAP': '286.2958'}
2023-04-20 08:00,,{'VWAP': '285.6365'}
2023-04-20 07:00,,{'VWAP': '285.2858'}
2023-04-20 06:00,,{'VWAP': '285.2662'}
2023-04-20 05:00,,{'VWAP': '285.2433'}
2023-04-19 20:00,,{'VWAP': '287.4146'}
2023-04-19 19:00,,{'VWAP': '287.4145'}
2023-04-19 18:00,,{'VWAP': '287.4141'}
2023-04-19 17:00,,{'VWAP': '287.4138'}
2023-04-19 16:00,,{'VWAP': '287.3902'}
2023-04-19 15:00,,{'VWAP': '287.2148'}
2023-04-19 14:00,,{'VWAP': '287.0316'}
2023-04-19 13:00,,{'VWAP': '286.8348'}
2023-04-19 12:00,,{'VWAP': '286.4078'}
2023-04-19 11:00,,{'VWAP': '285.9501'}
2023-04-19 10:00,,{'VWAP': '285.6231'}
2023-04-19 09:00,,{'VWAP': '286.6461'}
2023-04-19 08:00,,{'VWAP': '286.5540'}
2023-04-19 07:00,,{'VWAP': '286.5517'}
2023-04-19 06:00,,{'VWAP': '286.6489'}
2023-04-19 05:00,,{'VWAP': '287.0167'}
2023-04-18 20:00,,{'VWAP': '288.5432'}
2023-04-18 19:00,,{'VWAP': '288.5433'}
2023-04-18 18:00,,{'VWAP': '288.5435'}
2023-04-18 17:00,,{'VWAP': '288.5436'}
2023-04-18 16:00,,{'VWAP': '288.5645'}
2023-04-18 15:00,,{'VWAP': '288.6375'}
2023-04-18 14:00,,{'VWAP': '288.7490'}
2023-04-18 13:00,,{'VWAP': '288.8620'}
2023-04-18 12:00,,{'VWAP': '289.0635'}
2023-04-18 11:00,,{'VWAP': '289.4531'}
2023-04-18 10:00,,{'VWAP': '290.5944'}
2023-04-18 09:00,,{'VWAP': '290.3038'}
2023-04-18 08:00,,{'VWAP': '290.4746'}
2023-04-18 07:00,,{'VWAP': '290.5508'}
2023-04-18 06:00,,{'VWAP': '290.5153'}
2023-04-18 05:00,,{'VWAP': '290.0300'}
2023-04-17 20:00,,{'VWAP': '288.0846'}
2023-04-17 19:00,,{'VWAP': '288.0846'}
2023-04-17 18:00,,{'VWAP': '288.0845'}
2023-04-17 17:00,,{'VWAP': '288.0841'}
2023-04-17 16:00,,{'VWAP': '288.0413'}
2023-04-17 15:00,,{'VWAP': '287.9833'}
2023-04-17 14:00,,{'VWAP': '288.0780'}
2023-04-17 13:00,,{'VWAP': '288.2646'}
2023-04-17 12:00,,{'VWAP': '288.5442'}
2023-04-17 11:00,,{'VWAP': '288.8755'}
2023-04-17 10:00,,{'VWAP': '289.4512'}
2023-04-17 09:00,,{'VWAP': '289.8166'}
2023-04-17 08:00,,{'VWAP': '290.4658'}
2023-04-17 07:00,,{'VWAP': '289.1278'}
2023-04-17 06:00,,{'VWAP': '288.1713'}
2023-04-17 05:00,,{'VWAP': '288.3500'}
2023-04-14 20:00,,{'VWAP': '285.9900'}
2023-04-14 19:00,,{'VWAP': '285.9898'}
2023-04-14 18:00,,{'VWAP': '285.9898'}
2023-04-14 17:00,,{'VWAP': '285.9896'}
2023-04-14 16:00,,{'VWAP': '285.9770'}
2023-04-14 15:00,,{'VWAP': '286.0386'}
2023-04-14 14:00,,{'VWAP': '286.1171'}
2023-04-14 13:00,,{'VWAP': '286.4971'}
2023-04-14 12:00,,{'VWAP': '286.9830'}
2023-04-14 11:00,,{'VWAP': '287.1566'}
2023-04-14 10:00,,{'VWAP': '287.5740'}
2023-04-14 09:00,,{'VWAP': '287.9081'}
2023-04-14 08:00,,{'VWAP': '288.1502'}
2023-04-14 07:00,,{'VWAP': '288.6389'}
2023-04-14 06:00,,{'VWAP': '289.5082'}
2023-04-14 05:00,,{'VWAP': '289.5533'}
2023-04-13 20:00,,{'VWAP': '287.8079'}
2023-04-13 19:00,,{'VWAP': '287.8070'}
2023-04-13 18:00,,{'VWAP': '287.8063'}
2023-04-13 17:00,,{'VWAP': '287.8051'}
2023-04-13 16:00,,{'VWAP': '287.7016'}
2023-04-13 15:00,,{'VWAP': '287.1157'}
2023-04-13 14:00,,{'VWAP': '286.8874'}
2023-04-13 13:00,,{'VWAP': '286.6078'}
2023-04-13 12:00,,{'VWAP': '286.4372'}
2023-04-13 11:00,,{'VWAP': '286.0898'}
2023-04-13 10:00,,{'VWAP': '284.7905'}
2023-04-13 09:00,,{'VWAP': '283.5450'}
2023-04-13 08:00,,{'VWAP': '283.7428'}
2023-04-13 07:00,,{'VWAP': '284.1126'}
2023-04-13 06:00,,{'VWAP': '284.1586'}
2023-04-13 05:00,,{'VWAP': '283.9367'}
2023-04-12 20:00,,{'VWAP': '284.4436'}
2023-04-12 19:00,,{'VWAP': '284.4443'}
2023-04-12 18:00,,{'VWAP': '284.4457'}
2023-04-12 17:00,,{'VWAP': '284.4470'}
2023-04-12 16:00,,{'VWAP': '284.5260'}
2023-04-12 15:00,,{'VWAP': '284.7084'}
2023-04-12 14:00,,{'VWAP': '284.5874'}
2023-04-12 13:00,,{'VWAP': '284.3134'}
2023-04-12 12:00,,{'VWAP': '284.1294'}
2023-04-12 11:00,,{'VWAP': '284.0358'}
2023-04-12 10:00,,{'VWAP': '283.8656'}
2023-04-12 09:00,,{'VWAP': '284.8325'}
2023-04-12 08:00,,{'VWAP': '283.1340'}
2023-04-12 07:00,,{'VWAP': '283.0803'}
2023-04-12 06:00,,{'VWAP': '283.0662'}
2023-04-12 05:00,,{'VWAP': '283.0500'}
2023-04-11 20:00,,{'VWAP': '283.4292'}
2023-04-11 19:00,,{'VWAP': '283.4294'}
2023-04-11 18:00,,{'VWAP': '283.4295'}
2023-04-11 17:00,,{'VWAP': '283.4301'}
2023-04-11 16:00,,{'VWAP': '283.4357'}
2023-04-11 15:00,,{'VWAP': '283.4960'}
2023-04-11 14:00,,{'VWAP': '283.4641'}
2023-04-11 13:00,,{'VWAP': '283.4773'}
2023-04-11 12:00,,{'VWAP': '283.4890'}
2023-04-11 11:00,,{'VWAP': '283.8617'}
2023-04-11 10:00,,{'VWAP': '284.4397'}
2023-04-11 09:00,,{'VWAP': '286.0177'}
2023-04-11 08:00,,{'VWAP': '286.1118'}
2023-04-11 07:00,,{'VWAP': '287.7927'}
2023-04-11 06:00,,{'VWAP': '288.4988'}
2023-04-11 05:00,,{'VWAP': '288.8967'}
2023-04-10 20:00,,{'VWAP': '287.6182'}
2023-04-10 19:00,,{'VWAP': '287.6176'}
2023-04-10 18:00,,{'VWAP': '287.6171'}
2023-04-10 17:00,,{'VWAP': '287.6166'}
2023-04-10 16:00,,{'VWAP': '287.5519'}
2023-04-10 15:00,,{'VWAP': '287.2526'}
2023-04-10 14:00,,{'VWAP': '287.0055'}
2023-04-10 13:00,,{'VWAP': '286.8187'}
2023-04-10 12:00,,{'VWAP': '286.6684'}
2023-04-10 11:00,,{'VWAP': '286.5548'}
2023-04-10 10:00,,{'VWAP': '287.0258'}
2023-04-10 09:00,,{'VWAP': '290.3638'}
2023-04-10 08:00,,{'VWAP': '290.9513'}
2023-04-10 07:00,,{'VWAP': '291.2866'}
2023-04-10 06:00,,{'VWAP': '291.0373'}
2023-04-10 05:00,,{'VWAP': '291.0000'}
2023-04-06 20:00,,{'VWAP': '288.3582'}
2023-04-06 19:00,,{'VWAP': '288.3557'}
2023-04-06 18:00,,{'VWAP': '288.3532'}
2023-04-06 17:00,,{'VWAP': '288.3478'}
2023-04-06 16:00,,{'VWAP': '288.1744'}
2023-04-06 15:00,,{'VWAP': '287.0020'}
2023-04-06 14:00,,{'VWAP': '286.1708'}
2023-04-06 13:00,,{'VWAP': '285.0528'}
2023-04-06 12:00,,{'VWAP': '283.9498'}
2023-04-06 11:00,,{'VWAP': '283.3328'}
2023-04-06 10:00,,{'VWAP': '283.0175'}
2023-04-06 09:00,,{'VWAP': '282.7085'}
2023-04-06 08:00,,{'VWAP': '282.8612'}
2023-04-06 07:00,,{'VWAP': '282.6718'}
2023-04-06 06:00,,{'VWAP': '283.0663'}
2023-04-06 05:00,,{'VWAP': '284.4467'}
2023-04-05 20:00,,{'VWAP': '284.3691'}
2023-04-05 19:00,,{'VWAP': '284.3693'}
2023-04-05 18:00,,{'VWAP': '284.3695'}
2023-04-05 17:00,,{'VWAP': '284.3696'}
2023-04-05 16:00,,{'VWAP': '284.3774'}
2023-04-05 15:00,,{'VWAP': '284.4030'}
2023-04-05 14:00,,{'VWAP': '284.4319'}
2023-04-05 13:00,,{'VWAP': '284.5545'}
2023-04-05 12:00,,{'VWAP': '284.7815'}
2023-04-05 11:00,,{'VWAP': '285.1247'}
2023-04-05 10:00,,{'VWAP': '285.9182'}
2023-04-05 09:00,,{'VWAP': '286.7840'}
2023-04-05 08:00,,{'VWAP': '286.8836'}
2023-04-05 07:00,,{'VWAP': '286.9868'}
2023-04-05 06:00,,{'VWAP': '286.9647'}
2023-04-05 05:00,,{'VWAP': '287.0567'}
2023-04-04 20:00,,{'VWAP': '288.1079'}
2023-04-04 19:00,,{'VWAP': '288.1082'}
2023-04-04 18:00,,{'VWAP': '288.1086'}
2023-04-04 17:00,,{'VWAP': '288.1087'}
2023-04-04 16:00,,{'VWAP': '288.1565'}
2023-04-04 15:00,,{'VWAP': '288.4597'}
2023-04-04 14:00,,{'VWAP': '288.6717'}
2023-04-04 13:00,,{'VWAP': '288.7621'}
2023-04-04 12:00,,{'VWAP': '288.8300'}
2023-04-04 11:00,,{'VWAP': '288.8357'}
2023-04-04 10:00,,{'VWAP': '288.2398'}
2023-04-04 09:00,,{'VWAP': '288.6864'}
2023-04-04 08:00,,{'VWAP': '289.2754'}
2023-04-04 07:00,,{'VWAP': '288.9102'}
2023-04-04 06:00,,{'VWAP': '288.4059'}
2023-04-04 05:00,,{'VWAP': '287.2567'}
2023-04-03 20:00,,{'VWAP': '286.0690'}
2023-04-03 19:00,,{'VWAP': '286.0687'}
2023-04-03 18:00,,{'VWAP': '286.0685'}
2023-04-03 17:00,,{'VWAP': '286.0680'}
2023-04-03 16:00,,{'VWAP': '286.0247'}
2023-04-03 15:00,,{'VWAP': '285.7970'}
2023-04-03 14:00,,{'VWAP': '285.8242'}
2023-04-03 13:00,,{'VWAP': '286.0114'}
2023-04-03 12:00,,{'VWAP': '286.3012'}
2023-04-03 11:00,,{'VWAP': '286.6513'}
2023-04-03 10:00,,{'VWAP': '286.6846'}
2023-04-03 09:00,,{'VWAP': '285.7875'}
2023-04-03 08:00,,{'VWAP': '285.9926'}
2023-04-03 07:00,,{'VWAP': '285.8346'}
2023-04-03 06:00,,{'VWAP': '285.7074'}
2023-04-03 05:00,,{'VWAP': '285.6667'}
2023-03-31 20:00,,{'VWAP': '286.2097'}
2023-03-31 19:00,,{'VWAP': '286.2086'}
2023-03-31 18:00,,{'VWAP': '286.2078'}
2023-03-31 17:00,,{'VWAP': '286.2064'}
2023-03-31 16:00,,{'VWAP': '285.9768'}
2023-03-31 15:00,,{'VWAP': '285.1517'}
2023-03-31 14:00,,{'VWAP': '284.8998'}
2023-03-31 13:00,,{'VWAP': '284.6255'}
2023-03-31 12:00,,{'VWAP': '284.1229'}
2023-03-31 11:00,,{'VWAP': '283.8282'}
2023-03-31 10:00,,{'VWAP': '283.9607'}
2023-03-31 09:00,,{'VWAP': '284.0259'}
2023-03-31 08:00,,{'VWAP': '283.6341'}
2023-03-31 07:00,,{'VWAP': '283.8164'}
2023-03-31 06:00,,{'VWAP': '283.8858'}
2023-03-31 05:00,,{'VWAP': '283.8933'}
2023-03-30 20:00,,{'VWAP': '283.1403'}
2023-03-30 19:00,,{'VWAP': '283.1399'}
2023-03-30 18:00,,{'VWAP': '283.1396'}
2023-03-30 17:00,,{'VWAP': '283.1393'}
2023-03-30 16:00,,{'VWAP': '283.0615'}
2023-03-30 15:00,,{'VWAP': '282.9280'}
2023-03-30 14:00,,{'VWAP': '282.9238'}
2023-03-30 13:00,,{'VWAP': '283.0733'}
2023-03-30 12:00,,{'VWAP': '283.1868'}
2023-03-30 11:00,,{'VWAP': '283.2042'}
2023-03-30 10:00,,{'VWAP': '283.4400'}
2023-03-30 09:00,,{'VWAP': '282.9959'}
2023-03-30 08:00,,{'VWAP': '282.8127'}
2023-03-30 07:00,,{'VWAP': '282.0711'}
2023-03-30 06:00,,{'VWAP': '281.7155'}
2023-03-30 05:00,,{'VWAP': '281.2900'}
2023-03-29 20:00,,{'VWAP': '279.6491'}
2023-03-29 19:00,,{'VWAP': '279.6481'}
2023-03-29 18:00,,{'VWAP': '279.6475'}
2023-03-29 17:00,,{'VWAP': '279.6434'}
2023-03-29 16:00,,{'VWAP': '279.5870'}
2023-03-29 15:00,,{'VWAP': '279.3381'}
2023-03-29 14:00,,{'VWAP': '279.3156'}
2023-03-29 13:00,,{'VWAP': '279.2987'}
2023-03-29 12:00,,{'VWAP': '279.2594'}
2023-03-29 11:00,,{'VWAP': '279.2300'}
2023-03-29 10:00,,{'VWAP': '279.0133'}
2023-03-29 09:00,,{'VWAP': '277.3384'}
2023-03-29 08:00,,{'VWAP': '277.4878'}
2023-03-29 07:00,,{'VWAP': '277.3705'}
2023-03-29 06:00,,{'VWAP': '277.3466'}
2023-03-29 05:00,,{'VWAP': '277.2167'}
2023-03-28 20:00,,{'VWAP': '273.6863'}
2023-03-28 19:00,,{'VWAP': '273.6852'}
2023-03-28 18:00,,{'VWAP': '273.6844'}
2023-03-28 17:00,,{'VWAP': '273.6838'}
2023-03-28 16:00,,{'VWAP': '273.5668'}
2023-03-28 15:00,,{'VWAP': '273.3063'}
2023-03-28 14:00,,{'VWAP': '273.3287'}
2023-03-28 13:00,,{'VWAP': '273.4837'}
2023-03-28 12:00,,{'VWAP': '273.4902'}
2023-03-28 11:00,,{'VWAP': '273.5879'}
2023-03-28 10:00,,{'VWAP': '274.2565'}
2023-03-28 09:00,,{'VWAP': '275.7636'}
2023-03-28 08:00,,{'VWAP': '275.4195'}
2023-03-28 07:00,,{'VWAP': '275.2899'}
2023-03-28 06:00,,{'VWAP': '275.2870'}
2023-03-28 05:00,,{'VWAP': '275.3000'}
2023-03-27 20:00,,{'VWAP': '277.6619'}
2023-03-27 19:00,,{'VWAP': '277.6625'}
2023-03-27 18:00,,{'VWAP': '277.6633'}
2023-03-27 17:00,,{'VWAP': '277.6651'}
2023-03-27 16:00,,{'VWAP': '277.7422'}
2023-03-27 15:00,,{'VWAP': '278.0538'}
2023-03-27 14:00,,{'VWAP': '278.2362'}
2023-03-27 13:00,,{'VWAP': '278.5499'}
2023-03-27 12:00,,{'VWAP': '278.7726'}
2023-03-27 11:00,,{'VWAP': '279.7133'}
2023-03-27 10:00,,{'VWAP': '280.1059'}
2023-03-27 09:00,,{'VWAP': '280.9300'}
2023-03-27 08:00,,{'VWAP': '281.1499'}
2023-03-27 07:00,,{'VWAP': '281.2304'}
2023-03-27 06:00,,{'VWAP': '280.9920'}
2023-03-27 05:00,,{'VWAP': '280.9300'}
2023-03-24 20:00,,{'VWAP': '278.5775'}
2023-03-24 19:00,,{'VWAP': '278.5764'}
2023-03-24 18:00,,{'VWAP': '278.5755'}
2023-03-24 17:00,,{'VWAP': '278.5731'}
2023-03-24 16:00,,{'VWAP': '278.4868'}
2023-03-24 15:00,,{'VWAP': '278.1165'}
2023-03-24 14:00,,{'VWAP': '278.0559'}
2023-03-24 13:00,,{'VWAP': '278.0178'}
2023-03-24 12:00,,{'VWAP': '277.9247'}
2023-03-24 11:00,,{'VWAP': '277.6054'}
2023-03-24 10:00,,{'VWAP': '276.9451'}
2023-03-24 09:00,,{'VWAP': '276.6092'}
2023-03-24 08:00,,{'VWAP': '276.4333'}
2023-03-24 07:00,,{'VWAP': '276.9965'}
2023-03-24 06:00,,{'VWAP': '277.7031'}
2023-03-24 05:00,,{'VWAP': '277.8500'}
2023-03-23 20:00,,{'VWAP': '278.3500'}
2023-03-23 19:00,,{'VWAP': '278.3502'}
2023-03-23 18:00,,{'VWAP': '278.3509'}
2023-03-23 17:00,,{'VWAP': '278.3534'}
2023-03-23 16:00,,{'VWAP': '278.3790'}
2023-03-23 15:00,,{'VWAP': '278.7118'}
2023-03-23 14:00,,{'VWAP': '279.0608'}
2023-03-23 13:00,,{'VWAP': '279.0121'}
2023-03-23 12:00,,{'VWAP': '278.7503'}
2023-03-23 11:00,,{'VWAP': '277.9539'}
2023-03-23 10:00,,{'VWAP': '276.8645'}
2023-03-23 09:00,,{'VWAP': '275.3781'}
2023-03-23 08:00,,{'VWAP': '275.9946'}
2023-03-23 07:00,,{'VWAP': '275.9953'}
2023-03-23 06:00,,{'VWAP': '275.9940'}
2023-03-23 05:00,,{'VWAP': '275.8833'}
2023-03-22 20:00,,{'VWAP': '275.7230'}
2023-03-22 19:00,,{'VWAP': '275.7245'}
2023-03-22 18:00,,{'VWAP': '275.7264'}
2023-03-22 17:00,,{'VWAP': '275.7287'}
2023-03-22 16:00,,{'VWAP': '275.8975'}
2023-03-22 15:00,,{'VWAP': '276.4369'}
2023-03-22 14:00,,{'VWAP': '275.7060'}
2023-03-22 13:00,,{'VWAP': '275.5415'}
2023-03-22 12:00,,{'VWAP': '275.2683'}
2023-03-22 11:00,,{'VWAP': '274.5805'}
2023-03-22 10:00,,{'VWAP': '273.2719'}
2023-03-22 09:00,,{'VWAP': '273.1033'}
2023-03-22 08:00,,{'VWAP': '272.9154'}
2023-03-22 07:00,,{'VWAP': '272.6043'}
2023-03-22 06:00,,{'VWAP': '272.5546'}
2023-03-22 05:00,,{'VWAP': '272.5133'}
2023-03-21 20:00,,{'VWAP': '272.1381'}
2023-03-21 19:00,,{'VWAP': '272.1377'}
2023-03-21 18:00,,{'VWAP': '272.1374'}
2023-03-21 17:00,,{'VWAP': '272.1212'}
2023-03-21 16:00,,{'VWAP': '272.0498'}
2023-03-21 15:00,,{'VWAP': '271.7985'}
2023-03-21 14:00,,{'VWAP': '271.7975'}
2023-03-21 13:00,,{'VWAP': '271.8488'}
2023-03-21 12:00,,{'VWAP': '271.9565'}
2023-03-21 11:00,,{'VWAP': '272.5329'}
2023-03-21 10:00,,{'VWAP': '273.9106'}
2023-03-21 09:00,,{'VWAP': '272.7655'}
2023-03-21 08:00,,{'VWAP': '272.5645'}
2023-03-21 07:00,,{'VWAP': '271.9513'}
2023-03-21 06:00,,{'VWAP': '272.1883'}
2023-03-21 05:00,,{'VWAP': '272.5300'}
2023-03-20 20:00,,{'VWAP': '271.8445'}
2023-03-20 19:00,,{'VWAP': '271.8445'}
2023-03-20 18:00,,{'VWAP': '271.8444'}
2023-03-20 17:00,,{'VWAP': '271.8442'}
2023-03-20 16:00,,{'VWAP': '271.8213'}
2023-03-20 15:00,,{'VWAP': '271.8695'}
2023-03-20 14:00,,{'VWAP': '272.0186'}
2023-03-20 13:00,,{'VWAP': '272.1176'}
2023-03-20 12:00,,{'VWAP': '272.3768'}
2023-03-20 11:00,,{'VWAP': '272.6279'}
2023-03-20 10:00,,{'VWAP': '274.2146'}
2023-03-20 09:00,,{'VWAP': '279.1790'}
2023-03-20 08:00,,{'VWAP': '279.4985'}
2023-03-20 07:00,,{'VWAP': '279.7072'}
2023-03-20 06:00,,{'VWAP': '279.5287'}
2023-03-20 05:00,,{'VWAP': '278.5400'}
2023-03-17 20:00,,{'VWAP': '279.5990'}
2023-03-17 19:00,,{'VWAP': '279.5991'}
2023-03-17 18:00,,{'VWAP': '279.5991'}
2023-03-17 17:00,,{'VWAP': '279.5993'}
2023-03-17 16:00,,{'VWAP': '279.6084'}
2023-03-17 15:00,,{'VWAP': '279.7464'}
2023-03-17 14:00,,{'VWAP': '279.8557'}
2023-03-17 13:00,,{'VWAP': '279.8376'}
2023-03-17 12:00,,{'VWAP': '280.0386'}
2023-03-17 11:00,,{'VWAP': '280.4796'}
2023-03-17 10:00,,{'VWAP': '280.1400'}
2023-03-17 09:00,,{'VWAP': '277.4719'}
2023-03-17 08:00,,{'VWAP': '277.4858'}
2023-03-17 07:00,,{'VWAP': '277.2089'}
2023-03-17 06:00,,{'VWAP': '277.1995'}
2023-03-17 05:00,,{'VWAP': '277.2767'}
2023-03-16 20:00,,{'VWAP': '272.4698'}
2023-03-16 19:00,,{'VWAP': '272.4679'}
2023-03-16 18:00,,{'VWAP': '272.4655'}
2023-03-16 17:00,,{'VWAP': '272.3880'}
2023-03-16 16:00,,{'VWAP': '272.1962'}
2023-03-16 15:00,,{'VWAP': '271.2941'}
2023-03-16 14:00,,{'VWAP': '270.8422'}
2023-03-16 13:00,,{'VWAP': '270.1009'}
2023-03-16 12:00,,{'VWAP': '268.2433'}
2023-03-16 11:00,,{'VWAP': '265.1566'}
2023-03-16 10:00,,{'VWAP': '264.6953'}
2023-03-16 09:00,,{'VWAP': '265.6840'}
2023-03-16 08:00,,{'VWAP': '265.8610'}
2023-03-16 07:00,,{'VWAP': '266.0082'}
2023-03-16 06:00,,{'VWAP': '266.2478'}
2023-03-16 05:00,,{'VWAP': '266.4533'}
2023-03-15 20:00,,{'VWAP': '263.5864'}
2023-03-15 19:00,,{'VWAP': '263.5853'}
2023-03-15 18:00,,{'VWAP': '263.5834'}
2023-03-15 17:00,,{'VWAP': '263.5822'}
2023-03-15 16:00,,{'VWAP': '263.4289'}
2023-03-15 15:00,,{'VWAP': '263.0189'}
2023-03-15 14:00,,{'VWAP': '262.6697'}
2023-03-15 13:00,,{'VWAP': '262.5636'}
2023-03-15 12:00,,{'VWAP': '262.5863'}
2023-03-15 11:00,,{'VWAP': '262.4302'}
2023-03-15 10:00,,{'VWAP': '260.8420'}
2023-03-15 09:00,,{'VWAP': '258.2564'}
2023-03-15 08:00,,{'VWAP': '258.1972'}
2023-03-15 07:00,,{'VWAP': '258.8980'}
2023-03-15 06:00,,{'VWAP': '260.4873'}
2023-03-15 05:00,,{'VWAP': '261.4233'}
2023-03-14 20:00,,{'VWAP': '258.8147'}
2023-03-14 19:00,,{'VWAP': '258.8134'}
2023-03-14 18:00,,{'VWAP': '258.8129'}
2023-03-14 17:00,,{'VWAP': '258.8003'}
2023-03-14 16:00,,{'VWAP': '258.6754'}
2023-03-14 15:00,,{'VWAP': '258.3499'}
2023-03-14 14:00,,{'VWAP': '258.3065'}
2023-03-14 13:00,,{'VWAP': '258.1915'}
2023-03-14 12:00,,{'VWAP': '257.8335'}
2023-03-14 11:00,,{'VWAP': '257.1066'}
2023-03-14 10:00,,{'VWAP': '256.6096'}
2023-03-14 09:00,,{'VWAP': '254.9417'}
2023-03-14 08:00,,{'VWAP': '255.4356'}
2023-03-14 07:00,,{'VWAP': '255.0100'}
2023-03-14 06:00,,{'VWAP': '255.2001'}
2023-03-14 05:00,,{'VWAP': '255.2333'}
2023-03-13 20:00,,{'VWAP': '254.0597'}
2023-03-13 19:00,,{'VWAP': '254.0589'}
2023-03-13 18:00,,{'VWAP': '254.0585'}
2023-03-13 17:00,,{'VWAP': '254.0585'}
2023-03-13 16:00,,{'VWAP': '254.0325'}
2023-03-13 15:00,,{'VWAP': '253.8006'}
2023-03-13 14:00,,{'VWAP': '253.3212'}
2023-03-13 13:00,,{'VWAP': '253.0345'}
2023-03-13 12:00,,{'VWAP': '252.4719'}
2023-03-13 11:00,,{'VWAP': '251.1403'}
2023-03-13 10:00,,{'VWAP': '249.1729'}
2023-03-13 09:00,,{'VWAP': '249.9696'}
2023-03-13 08:00,,{'VWAP': '251.0871'}
2023-03-13 07:00,,{'VWAP': '250.7649'}
2023-03-13 06:00,,{'VWAP': '250.4800'}
2023-03-13 05:00,,{'VWAP': '250.9000'}
